customer_id,transaction_id,amount_inr,payment_method,status,failure_reason,customer_tenure_months,historical_success_rate,previous_failures_count,customer_lifetime_value_inr,engagement_score,churn_probability,days_since_previous_payment,recovered
CUST-10492,TX-10492,9999.0,CREDIT_CARD,FAILED,Temporary payment authorization failure,18,0.94,1,125000.0,0.88,0.12,30,1
CUST-00002,TX-100001,18042.48,WALLET,FAILED,Invoice payment overdue,15,0.7724,0,203310.46,0.6434,0.325,54,0
CUST-00003,TX-100002,8836.14,DEBIT_CARD,FAILED,Insufficient funds,1,0.8839,2,92949.95,0.7515,0.2492,44,1
CUST-00004,TX-100003,13637.59,CREDIT_CARD,FAILED,Payment method declined,23,0.8156,0,221935.68,0.7765,0.2413,71,0
CUST-00005,TX-100004,6083.51,CREDIT_CARD,FAILED,Expired card,24,0.804,1,116085.52,0.2362,0.4351,30,1
CUST-00006,TX-100005,16919.29,CREDIT_CARD,FAILED,Invoice payment overdue,54,0.7105,5,64978.68,0.4807,0.351,78,0
CUST-00007,TX-100006,8444.93,DEBIT_CARD,FAILED,Temporary payment authorization failure,30,0.717,8,21216.21,0.3735,0.4249,5,1
CUST-00008,TX-100007,12731.17,NET_BANKING,FAILED,Invoice payment overdue,59,0.9649,5,142535.19,0.368,0.2422,19,1
CUST-00009,TX-100008,10285.31,DEBIT_CARD,FAILED,Insufficient funds,17,0.8787,6,215970.21,0.9093,0.1701,66,0
CUST-00010,TX-100009,9926.8,NET_BANKING,FAILED,Network timeout,10,0.8261,6,235895.56,0.6712,0.2941,68,0
CUST-00011,TX-100010,19330.67,CREDIT_CARD,FAILED,Expired card,44,0.8671,8,238684.9,0.7932,0.1721,38,1
CUST-00012,TX-100011,12938.2,UPI,FAILED,Temporary payment authorization failure,57,0.8667,8,96608.89,0.802,0.1476,82,1
CUST-00013,TX-100012,15174.14,CREDIT_CARD,FAILED,Payment method declined,11,0.7873,8,208758.05,0.9256,0.2247,15,0
CUST-00014,TX-100013,23700.26,NET_BANKING,FAILED,Temporary payment authorization failure,20,0.6554,3,35811.33,0.8936,0.2934,9,1
CUST-00015,TX-100014,13428.01,NET_BANKING,FAILED,Network timeout,43,0.7591,8,174017.57,0.3305,0.3952,28,0
CUST-00016,TX-100015,13180.61,DEBIT_CARD,FAILED,Temporary payment authorization failure,46,0.6872,5,140710.77,0.5461,0.3542,29,1
CUST-00017,TX-100016,1942.41,CREDIT_CARD,FAILED,Temporary payment authorization failure,38,0.6469,1,168899.56,0.7592,0.3152,43,1
CUST-00018,TX-100017,12087.84,DEBIT_CARD,FAILED,Payment method declined,14,0.7873,7,108776.76,0.392,0.4065,13,0
CUST-00019,TX-100018,24612.05,CREDIT_CARD,FAILED,Temporary payment authorization failure,30,0.9301,0,31770.91,0.732,0.1822,52,0
CUST-00020,TX-100019,4995.46,DEBIT_CARD,FAILED,Payment method declined,13,0.6337,7,139829.7,0.3107,0.5211,10,0
CUST-00021,TX-100020,24240.41,DEBIT_CARD,FAILED,Insufficient funds,4,0.8369,8,103254.87,0.8605,0.2319,53,1
CUST-00022,TX-100021,6997.47,UPI,FAILED,Payment method declined,4,0.6224,0,196923.57,0.9784,0.3086,55,0
CUST-00023,TX-100022,5833.67,WALLET,FAILED,Temporary payment authorization failure,43,0.8661,2,17284.87,0.35,0.3295,70,1
CUST-00024,TX-100023,24039.08,DEBIT_CARD,FAILED,Temporary payment authorization failure,31,0.7713,8,62624.95,0.3244,0.4106,9,0
CUST-00025,TX-100024,1473.67,NET_BANKING,FAILED,Temporary payment authorization failure,8,0.9643,3,234003.03,0.6573,0.2262,85,1
CUST-00026,TX-100025,10196.75,UPI,FAILED,Invoice payment overdue,14,0.8447,5,22773.06,0.3886,0.3761,59,0
CUST-00027,TX-100026,5722.28,DEBIT_CARD,FAILED,Expired card,30,0.8233,1,95534.14,0.2579,0.4069,45,0
CUST-00028,TX-100027,15486.11,WALLET,FAILED,Invoice payment overdue,11,0.7428,8,233280.23,0.7558,0.3086,2,0
CUST-00029,TX-100028,22297.96,WALLET,FAILED,Invoice payment overdue,7,0.9631,2,180814.99,0.4089,0.3155,20,0
CUST-00030,TX-100029,6652.47,CREDIT_CARD,FAILED,Temporary payment authorization failure,14,0.8525,4,5868.69,0.5993,0.298,82,1
CUST-00031,TX-100030,11324.97,NET_BANKING,FAILED,Invoice payment overdue,50,0.6076,4,221361.07,0.3276,0.4678,72,1
CUST-00032,TX-100031,14771.48,NET_BANKING,FAILED,Insufficient funds,58,0.6156,0,233606.56,0.8593,0.264,17,1
CUST-00033,TX-100032,6613.48,UPI,FAILED,Temporary payment authorization failure,56,0.5676,5,157062.07,0.366,0.4664,72,1
CUST-00034,TX-100033,24417.05,NET_BANKING,FAILED,Insufficient funds,10,0.9573,3,196684.69,0.883,0.1478,4,0
CUST-00035,TX-100034,19790.68,NET_BANKING,FAILED,Temporary payment authorization failure,27,0.903,3,205063.72,0.4108,0.3146,5,1
CUST-00036,TX-100035,16670.81,UPI,FAILED,Payment method declined,30,0.7038,3,73385.62,0.3761,0.4313,36,0
CUST-00037,TX-100036,1176.21,DEBIT_CARD,FAILED,Expired card,42,0.7741,8,31558.62,0.4616,0.3427,75,1
CUST-00038,TX-100037,24613.78,NET_BANKING,FAILED,Temporary payment authorization failure,28,0.7021,5,111834.09,0.5448,0.3765,74,1
CUST-00039,TX-100038,23536.45,DEBIT_CARD,FAILED,Invoice payment overdue,34,0.9573,8,230588.86,0.7426,0.1569,47,0
CUST-00040,TX-100039,7857.9,NET_BANKING,FAILED,Expired card,40,0.6881,1,36185.51,0.7686,0.2859,42,1
CUST-00041,TX-100040,22618.74,WALLET,FAILED,Network timeout,27,0.8426,6,79449.36,0.7351,0.2343,39,0
CUST-00042,TX-100041,11332.92,WALLET,FAILED,Insufficient funds,14,0.7392,5,185310.55,0.5673,0.3716,61,0
CUST-00043,TX-100042,15671.89,DEBIT_CARD,FAILED,Temporary payment authorization failure,43,0.5873,8,41101.72,0.7244,0.3518,87,0
CUST-00044,TX-100043,19327.99,NET_BANKING,FAILED,Payment method declined,3,0.6577,7,99074.72,0.6829,0.3942,81,0
CUST-00045,TX-100044,21580.79,NET_BANKING,FAILED,Temporary payment authorization failure,26,0.6574,0,131899.65,0.9052,0.2783,29,0
CUST-00046,TX-100045,20134.71,WALLET,FAILED,Invoice payment overdue,4,0.7953,1,223399.35,0.5606,0.3597,72,0
CUST-00047,TX-100046,22717.94,DEBIT_CARD,FAILED,Payment method declined,40,0.9086,8,210766.41,0.5371,0.2456,61,0
CUST-00048,TX-100047,6361.52,CREDIT_CARD,FAILED,Payment method declined,18,0.887,8,223791.57,0.5828,0.2782,37,1
CUST-00049,TX-100048,4243.73,CREDIT_CARD,FAILED,Insufficient funds,6,0.6109,3,106864.69,0.5026,0.4781,54,0
CUST-00050,TX-100049,14809.95,CREDIT_CARD,FAILED,Invoice payment overdue,14,0.9165,6,91180.91,0.9148,0.1524,74,1
CUST-00051,TX-100050,18498.53,DEBIT_CARD,FAILED,Network timeout,49,0.7216,6,12111.08,0.6252,0.3026,63,0
CUST-00052,TX-100051,21092.39,WALLET,FAILED,Insufficient funds,22,0.8443,6,143276.04,0.7721,0.2287,69,0
CUST-00053,TX-100052,11811.61,UPI,FAILED,Temporary payment authorization failure,2,0.5869,6,87687.63,0.3072,0.5664,49,0
CUST-00054,TX-100053,2506.7,WALLET,FAILED,Temporary payment authorization failure,57,0.7168,6,164285.3,0.3993,0.371,7,1
CUST-00055,TX-100054,23765.49,CREDIT_CARD,FAILED,Insufficient funds,50,0.9712,0,169017.42,0.7958,0.104,80,1
CUST-00056,TX-100055,19289.0,WALLET,FAILED,Insufficient funds,37,0.967,7,195559.01,0.7526,0.1431,78,0
CUST-00057,TX-100056,23257.74,NET_BANKING,FAILED,Network timeout,11,0.9745,1,150063.98,0.6572,0.2157,51,1
CUST-00058,TX-100057,7888.78,WALLET,FAILED,Invoice payment overdue,54,0.826,1,15061.94,0.7508,0.1929,16,1
CUST-00059,TX-100058,16364.81,NET_BANKING,FAILED,Temporary payment authorization failure,35,0.7385,5,160718.35,0.2545,0.4464,63,0
CUST-00060,TX-100059,18477.98,UPI,FAILED,Invoice payment overdue,54,0.7523,2,123456.89,0.544,0.3058,79,0
CUST-00061,TX-100060,6514.63,UPI,FAILED,Temporary payment authorization failure,28,0.9133,4,154531.27,0.4546,0.2919,58,1
CUST-00062,TX-100061,4955.08,UPI,FAILED,Insufficient funds,25,0.698,7,176790.02,0.8723,0.2691,34,0
CUST-00063,TX-100062,2597.52,NET_BANKING,FAILED,Invoice payment overdue,18,0.7945,8,121642.81,0.949,0.2009,63,1
CUST-00064,TX-100063,5929.11,DEBIT_CARD,FAILED,Invoice payment overdue,46,0.766,0,140600.87,0.2735,0.4063,40,1
CUST-00065,TX-100064,17719.95,UPI,FAILED,Expired card,23,0.7372,8,82309.25,0.4613,0.3948,33,0
CUST-00066,TX-100065,18595.81,WALLET,FAILED,Expired card,48,0.7858,2,208993.95,0.3513,0.3649,68,0
CUST-00067,TX-100066,17846.45,UPI,FAILED,Insufficient funds,19,0.6501,2,175867.26,0.4388,0.4572,6,0
CUST-00068,TX-100067,800.5,NET_BANKING,FAILED,Expired card,9,0.8307,7,17587.3,0.281,0.4298,62,1
CUST-00069,TX-100068,2315.01,CREDIT_CARD,FAILED,Invoice payment overdue,56,0.7602,1,79439.7,0.5166,0.3077,20,0
CUST-00070,TX-100069,19873.15,WALLET,FAILED,Insufficient funds,16,0.6021,6,215740.83,0.679,0.4045,49,0
CUST-00071,TX-100070,18632.19,DEBIT_CARD,FAILED,Insufficient funds,28,0.6844,0,47584.32,0.6816,0.3384,34,1
CUST-00072,TX-100071,15048.37,CREDIT_CARD,FAILED,Expired card,5,0.6189,6,215603.65,0.5559,0.4567,30,0
CUST-00073,TX-100072,15813.92,DEBIT_CARD,FAILED,Invoice payment overdue,5,0.8524,4,41502.4,0.8224,0.235,55,1
CUST-00074,TX-100073,19919.4,WALLET,FAILED,Network timeout,18,0.9137,1,79502.34,0.2471,0.381,37,0
CUST-00075,TX-100074,11225.09,CREDIT_CARD,FAILED,Network timeout,26,0.9648,8,11336.9,0.6266,0.2067,56,0
CUST-00076,TX-100075,16970.9,WALLET,FAILED,Expired card,15,0.9732,0,132146.14,0.9897,0.0933,6,1
CUST-00077,TX-100076,11179.18,CREDIT_CARD,FAILED,Payment method declined,29,0.9531,2,169182.71,0.9876,0.0818,61,1
CUST-00078,TX-100077,7561.34,WALLET,FAILED,Payment method declined,55,0.6208,6,84202.08,0.748,0.3051,5,1
CUST-00079,TX-100078,528.2,NET_BANKING,FAILED,Network timeout,50,0.7278,8,157545.3,0.8517,0.2183,53,0
CUST-00080,TX-100079,13955.88,NET_BANKING,FAILED,Expired card,32,0.8252,0,159355.46,0.3608,0.3665,90,1
CUST-00081,TX-100080,835.02,CREDIT_CARD,FAILED,Payment method declined,52,0.6553,2,118054.73,0.4455,0.397,29,0
CUST-00082,TX-100081,18056.78,UPI,FAILED,Network timeout,8,0.835,2,64714.07,0.5937,0.3196,54,0
CUST-00083,TX-100082,12951.9,CREDIT_CARD,FAILED,Insufficient funds,36,0.6136,3,88269.43,0.9283,0.2776,36,0
CUST-00084,TX-100083,7814.62,WALLET,FAILED,Network timeout,51,0.7734,0,136952.24,0.4234,0.3414,85,1
CUST-00085,TX-100084,23354.88,DEBIT_CARD,FAILED,Insufficient funds,23,0.6963,8,105639.9,0.498,0.4044,74,0
CUST-00086,TX-100085,16760.38,DEBIT_CARD,FAILED,Invoice payment overdue,21,0.8777,6,241511.63,0.505,0.3055,64,1
CUST-00087,TX-100086,22805.82,DEBIT_CARD,FAILED,Temporary payment authorization failure,22,0.9327,7,23332.92,0.2788,0.3528,53,0
CUST-00088,TX-100087,10238.34,UPI,FAILED,Temporary payment authorization failure,51,0.9764,5,82581.98,0.6924,0.1356,87,1
CUST-00089,TX-100088,1379.53,DEBIT_CARD,FAILED,Temporary payment authorization failure,46,0.9405,7,60734.14,0.8892,0.0948,81,1
CUST-00090,TX-100089,17745.33,NET_BANKING,FAILED,Temporary payment authorization failure,6,0.7409,1,16267.79,0.8007,0.3023,22,0
CUST-00091,TX-100090,4066.46,NET_BANKING,FAILED,Network timeout,51,0.5747,5,47891.99,0.4961,0.4253,73,1
CUST-00092,TX-100091,14787.35,NET_BANKING,FAILED,Insufficient funds,40,0.9332,3,7302.37,0.5932,0.2125,82,1
CUST-00093,TX-100092,4370.4,UPI,FAILED,Payment method declined,52,0.7547,4,174126.81,0.7353,0.2409,76,0
CUST-00094,TX-100093,21406.72,DEBIT_CARD,FAILED,Temporary payment authorization failure,30,0.9219,3,248209.55,0.9895,0.0966,49,1
CUST-00095,TX-100094,14365.26,CREDIT_CARD,FAILED,Invoice payment overdue,19,0.5597,6,226219.06,0.4168,0.5146,78,0
CUST-00096,TX-100095,5158.23,DEBIT_CARD,FAILED,Expired card,50,0.9015,5,14658.53,0.373,0.2903,81,0
CUST-00097,TX-100096,2708.27,UPI,FAILED,Expired card,51,0.744,5,137154.9,0.7786,0.2333,54,1
CUST-00098,TX-100097,6795.77,UPI,FAILED,Payment method declined,24,0.7836,4,23448.34,0.8561,0.2294,44,1
CUST-00099,TX-100098,20212.4,CREDIT_CARD,FAILED,Expired card,49,0.9753,6,116422.58,0.9641,0.0445,51,1
CUST-01000,TX-100099,20649.22,CREDIT_CARD,FAILED,Expired card,44,0.8796,4,221637.54,0.6618,0.2113,87,1
CUST-00101,TX-100100,16067.4,UPI,FAILED,Payment method declined,36,0.6943,3,236834.08,0.7116,0.3091,84,1
CUST-00102,TX-100101,22237.85,NET_BANKING,FAILED,Insufficient funds,20,0.9882,1,175638.58,0.2768,0.3263,59,0
CUST-00103,TX-100102,16545.59,WALLET,FAILED,Payment method declined,35,0.7344,2,174118.76,0.8995,0.2229,53,1
CUST-00104,TX-100103,2934.19,UPI,FAILED,Invoice payment overdue,14,0.7451,3,19834.77,0.8758,0.2603,70,0
CUST-00105,TX-100104,20692.68,DEBIT_CARD,FAILED,Temporary payment authorization failure,18,0.6335,1,17391.74,0.9497,0.2892,83,0
CUST-00106,TX-100105,5527.54,DEBIT_CARD,FAILED,Network timeout,22,0.6572,2,85497.09,0.8217,0.3143,76,0
CUST-00107,TX-100106,24608.69,WALLET,FAILED,Insufficient funds,10,0.897,0,217279.73,0.419,0.3433,33,1
CUST-00108,TX-100107,886.64,CREDIT_CARD,FAILED,Expired card,9,0.5565,3,187687.99,0.6652,0.4461,17,0
CUST-00109,TX-100108,3171.82,DEBIT_CARD,FAILED,Network timeout,31,0.7472,5,217410.32,0.6055,0.3254,79,0
CUST-00110,TX-100109,12235.06,NET_BANKING,FAILED,Payment method declined,34,0.6827,0,113672.77,0.2481,0.481,88,0
CUST-00111,TX-100110,7237.89,WALLET,FAILED,Invoice payment overdue,58,0.5855,2,151361.0,0.2519,0.4931,71,0
CUST-00112,TX-100111,17693.6,WALLET,FAILED,Invoice payment overdue,19,0.7496,6,106384.32,0.2784,0.4586,28,0
CUST-00113,TX-100112,8157.43,UPI,FAILED,Expired card,53,0.7495,6,121195.63,0.7764,0.2277,48,0
CUST-00114,TX-100113,18742.43,DEBIT_CARD,FAILED,Expired card,6,0.916,1,142612.43,0.5412,0.2968,72,0
CUST-00115,TX-100114,23557.68,CREDIT_CARD,FAILED,Payment method declined,43,0.6038,5,146590.04,0.8901,0.2847,37,1
CUST-00116,TX-100115,3151.35,UPI,FAILED,Network timeout,14,0.6181,7,202769.24,0.3772,0.5047,15,0
CUST-00117,TX-100116,23262.57,UPI,FAILED,Invoice payment overdue,55,0.7968,8,80701.25,0.2207,0.3928,4,0
CUST-00118,TX-100117,14374.87,CREDIT_CARD,FAILED,Payment method declined,22,0.7045,2,27480.63,0.8872,0.2653,19,0
CUST-00119,TX-100118,4356.53,UPI,FAILED,Expired card,34,0.6447,6,43117.08,0.5584,0.3933,73,0
CUST-00120,TX-100119,16717.5,WALLET,FAILED,Payment method declined,49,0.8218,1,130524.84,0.415,0.3211,57,1
CUST-00121,TX-100120,15031.79,UPI,FAILED,Network timeout,23,0.7392,4,18421.58,0.7358,0.2976,6,0
CUST-00122,TX-100121,19221.94,UPI,FAILED,Expired card,14,0.6826,3,48045.23,0.8062,0.3191,16,0
CUST-00123,TX-100122,20917.18,CREDIT_CARD,FAILED,Expired card,25,0.7843,3,9591.68,0.5952,0.3186,51,1
CUST-00124,TX-100123,14548.29,NET_BANKING,FAILED,Invoice payment overdue,59,0.5843,5,84568.2,0.6548,0.3511,38,1
CUST-00125,TX-100124,23034.36,NET_BANKING,FAILED,Temporary payment authorization failure,52,0.967,7,133370.82,0.8573,0.0814,14,1
CUST-00126,TX-100125,19588.39,WALLET,FAILED,Temporary payment authorization failure,26,0.933,5,226951.07,0.375,0.3123,82,0
CUST-00127,TX-100126,4087.88,DEBIT_CARD,FAILED,Insufficient funds,23,0.7045,2,23461.55,0.3867,0.4388,78,0
CUST-00128,TX-100127,19116.99,WALLET,FAILED,Payment method declined,50,0.8263,7,216740.48,0.796,0.1836,83,0
CUST-00129,TX-100128,11334.1,UPI,FAILED,Expired card,41,0.6891,7,81049.92,0.2539,0.4638,76,0
CUST-00130,TX-100129,2379.91,WALLET,FAILED,Temporary payment authorization failure,29,0.5665,5,140807.51,0.857,0.3401,77,0
CUST-00131,TX-100130,20340.49,DEBIT_CARD,FAILED,Invoice payment overdue,51,0.8751,0,239641.98,0.5553,0.2393,42,1
CUST-00132,TX-100131,2566.06,DEBIT_CARD,FAILED,Invoice payment overdue,29,0.5955,5,112658.34,0.9761,0.2825,6,0
CUST-00133,TX-100132,7430.89,UPI,FAILED,Payment method declined,34,0.8183,5,163589.81,0.4946,0.3202,87,0
CUST-00134,TX-100133,7461.6,WALLET,FAILED,Invoice payment overdue,5,0.6951,8,39649.95,0.7359,0.3518,20,0
CUST-00135,TX-100134,17866.43,UPI,FAILED,Temporary payment authorization failure,23,0.6865,6,204230.27,0.3019,0.4784,72,0
CUST-00136,TX-100135,16926.17,UPI,FAILED,Network timeout,43,0.8592,8,57477.2,0.2738,0.3599,3,1
CUST-00137,TX-100136,4296.16,CREDIT_CARD,FAILED,Expired card,50,0.764,3,221502.13,0.99,0.15,65,0
CUST-00138,TX-100137,4279.19,WALLET,FAILED,Insufficient funds,3,0.8412,2,94253.36,0.6718,0.2972,22,1
CUST-00139,TX-100138,18933.58,DEBIT_CARD,FAILED,Payment method declined,47,0.6545,7,197170.71,0.6824,0.3229,69,0
CUST-00140,TX-100139,14475.28,NET_BANKING,FAILED,Payment method declined,58,0.9174,5,107571.9,0.7359,0.1412,37,1
CUST-00141,TX-100140,1778.41,UPI,FAILED,Payment method declined,11,0.9094,2,131397.8,0.8897,0.1701,71,0
CUST-00142,TX-100141,22680.0,NET_BANKING,FAILED,Insufficient funds,8,0.6754,2,115526.36,0.4155,0.4698,12,1
CUST-00143,TX-100142,12799.17,NET_BANKING,FAILED,Insufficient funds,23,0.9594,6,233052.35,0.2421,0.3493,11,1
CUST-00144,TX-100143,3871.19,NET_BANKING,FAILED,Expired card,54,0.8645,5,119931.98,0.8252,0.1457,90,0
CUST-00145,TX-100144,5783.54,WALLET,FAILED,Insufficient funds,40,0.5523,1,75584.89,0.215,0.5543,78,1
CUST-00146,TX-100145,19950.53,CREDIT_CARD,FAILED,Payment method declined,20,0.6036,3,136333.18,0.5317,0.4486,15,0
CUST-00147,TX-100146,7636.16,WALLET,FAILED,Temporary payment authorization failure,41,0.7768,3,167770.97,0.7677,0.2357,46,1
CUST-00148,TX-100147,13388.46,WALLET,FAILED,Network timeout,6,0.7803,5,15665.93,0.2535,0.4721,71,0
CUST-00149,TX-100148,9248.8,UPI,FAILED,Temporary payment authorization failure,25,0.9817,4,194017.84,0.7904,0.1418,31,1
CUST-00150,TX-100149,13877.34,DEBIT_CARD,FAILED,Invoice payment overdue,48,0.8829,2,159775.28,0.235,0.3522,88,0
CUST-00151,TX-100150,5438.98,CREDIT_CARD,FAILED,Insufficient funds,52,0.6093,7,247335.06,0.2292,0.498,41,0
CUST-00152,TX-100151,5182.03,CREDIT_CARD,FAILED,Expired card,35,0.7583,0,95164.7,0.7951,0.2463,84,1
CUST-00153,TX-100152,9972.8,NET_BANKING,FAILED,Insufficient funds,57,0.726,7,132222.58,0.9068,0.1883,89,0
CUST-00154,TX-100153,15260.11,WALLET,FAILED,Insufficient funds,52,0.5863,6,166925.21,0.2624,0.499,38,1
CUST-00155,TX-100154,11375.76,CREDIT_CARD,FAILED,Payment method declined,20,0.7462,6,161669.98,0.3316,0.4402,46,0
CUST-00156,TX-100155,10452.15,DEBIT_CARD,FAILED,Network timeout,51,0.9671,1,196421.43,0.7302,0.1275,4,0
CUST-00157,TX-100156,9475.05,WALLET,FAILED,Payment method declined,3,0.6055,3,237461.76,0.815,0.3767,5,0
CUST-00158,TX-100157,13471.77,UPI,FAILED,Payment method declined,24,0.7453,1,11348.77,0.6534,0.3214,84,0
CUST-00159,TX-100158,3385.14,NET_BANKING,FAILED,Expired card,12,0.7696,6,229537.33,0.9217,0.2341,28,1
CUST-00160,TX-100159,11575.05,NET_BANKING,FAILED,Invoice payment overdue,32,0.6381,2,246710.79,0.8737,0.2899,12,0
CUST-00161,TX-100160,7613.88,DEBIT_CARD,FAILED,Expired card,43,0.7029,1,129645.16,0.6345,0.3197,90,0
CUST-00162,TX-100161,12603.54,WALLET,FAILED,Expired card,8,0.9835,2,140153.5,0.387,0.3103,74,0
CUST-00163,TX-100162,24990.08,NET_BANKING,FAILED,Invoice payment overdue,40,0.9391,1,145850.62,0.4443,0.2613,68,1
CUST-00164,TX-100163,17162.67,DEBIT_CARD,FAILED,Expired card,9,0.9778,1,241734.83,0.5555,0.2528,71,1
CUST-00165,TX-100164,13193.5,DEBIT_CARD,FAILED,Expired card,28,0.7713,0,89775.66,0.8568,0.2292,21,0
CUST-00166,TX-100165,16058.9,UPI,FAILED,Network timeout,34,0.9438,1,27889.96,0.398,0.2849,17,0
CUST-00167,TX-100166,15799.74,UPI,FAILED,Network timeout,42,0.6242,2,24899.6,0.3352,0.4694,73,0
CUST-00168,TX-100167,19290.5,WALLET,FAILED,Payment method declined,42,0.8892,4,138666.48,0.7144,0.1909,82,0
CUST-00169,TX-100168,20280.06,UPI,FAILED,Payment method declined,42,0.9709,7,112703.35,0.3935,0.2583,59,1
CUST-00170,TX-100169,8158.27,UPI,FAILED,Invoice payment overdue,31,0.7544,5,95782.35,0.6793,0.2957,45,1
CUST-00171,TX-100170,7053.06,DEBIT_CARD,FAILED,Insufficient funds,36,0.5967,3,216720.14,0.5685,0.4128,13,0
CUST-00172,TX-100171,23376.91,UPI,FAILED,Invoice payment overdue,27,0.6592,2,131107.59,0.8426,0.2975,25,0
CUST-00173,TX-100172,23658.2,NET_BANKING,FAILED,Network timeout,32,0.9368,7,17382.4,0.2183,0.355,31,1
CUST-00174,TX-100173,700.35,NET_BANKING,FAILED,Temporary payment authorization failure,32,0.8129,7,192144.91,0.4257,0.3506,18,0
CUST-00175,TX-100174,5269.05,UPI,FAILED,Network timeout,24,0.5699,0,139714.99,0.6505,0.4189,10,0
CUST-00176,TX-100175,2868.7,UPI,FAILED,Expired card,53,0.9852,1,53769.18,0.3016,0.2642,72,0
CUST-00177,TX-100176,3857.39,NET_BANKING,FAILED,Expired card,33,0.7266,0,131298.9,0.2358,0.4628,67,0
CUST-00178,TX-100177,24770.09,UPI,FAILED,Invoice payment overdue,21,0.9598,5,135423.26,0.3284,0.3222,76,0
CUST-00179,TX-100178,9524.77,CREDIT_CARD,FAILED,Invoice payment overdue,46,0.7977,7,182704.43,0.8444,0.1891,54,0
CUST-00180,TX-100179,16561.98,WALLET,FAILED,Network timeout,45,0.8269,7,46775.46,0.4098,0.3268,30,0
CUST-00181,TX-100180,17177.81,WALLET,FAILED,Temporary payment authorization failure,41,0.8673,6,81854.66,0.3167,0.3438,90,1
CUST-00182,TX-100181,19486.82,CREDIT_CARD,FAILED,Payment method declined,10,0.7317,3,249540.1,0.5242,0.3974,18,0
CUST-00183,TX-100182,11761.76,UPI,FAILED,Network timeout,31,0.7812,5,181626.52,0.9558,0.1841,70,0
CUST-00184,TX-100183,5210.47,UPI,FAILED,Insufficient funds,42,0.9036,4,245653.77,0.682,0.1943,72,0
CUST-00185,TX-100184,12480.58,UPI,FAILED,Payment method declined,50,0.6772,3,71997.1,0.7453,0.2834,72,0
CUST-00186,TX-100185,24513.93,DEBIT_CARD,FAILED,Expired card,8,0.8023,8,24362.21,0.5,0.3704,38,0
CUST-00187,TX-100186,5742.68,UPI,FAILED,Network timeout,60,0.7446,4,155840.87,0.7904,0.2138,72,1
CUST-00188,TX-100187,13510.52,DEBIT_CARD,FAILED,Invoice payment overdue,38,0.6553,0,120738.96,0.7292,0.321,7,1
CUST-00189,TX-100188,24458.81,NET_BANKING,FAILED,Insufficient funds,44,0.8891,0,121974.89,0.962,0.101,84,0
CUST-00190,TX-100189,16324.5,WALLET,FAILED,Temporary payment authorization failure,13,0.8826,4,234484.0,0.4537,0.3341,30,0
CUST-00191,TX-100190,4806.82,NET_BANKING,FAILED,Temporary payment authorization failure,59,0.9554,6,218711.22,0.897,0.0622,64,0
CUST-00192,TX-100191,15268.18,UPI,FAILED,Expired card,19,0.9358,0,126008.54,0.4357,0.3011,59,1
CUST-00193,TX-100192,20315.94,DEBIT_CARD,FAILED,Expired card,9,0.9245,7,8450.63,0.4155,0.3311,59,0
CUST-00194,TX-100193,21475.59,NET_BANKING,FAILED,Payment method declined,22,0.8979,3,28369.35,0.3386,0.351,66,1
CUST-00195,TX-100194,9897.57,UPI,FAILED,Payment method declined,9,0.7601,3,7801.75,0.2054,0.4951,43,0
CUST-00196,TX-100195,3396.51,DEBIT_CARD,FAILED,Expired card,42,0.7082,3,222511.35,0.2491,0.4533,52,0
CUST-00197,TX-100196,23545.57,WALLET,FAILED,Expired card,50,0.6868,1,42530.46,0.7046,0.2923,29,1
CUST-00198,TX-100197,13956.25,WALLET,FAILED,Payment method declined,48,0.9851,5,171683.77,0.5285,0.1932,86,0
CUST-00199,TX-100198,13440.24,CREDIT_CARD,FAILED,Expired card,39,0.9342,1,226207.6,0.6152,0.2059,73,0
CUST-00200,TX-100199,21434.91,CREDIT_CARD,FAILED,Payment method declined,13,0.802,2,27280.7,0.33,0.4217,88,0
CUST-00201,TX-100200,13074.57,WALLET,FAILED,Payment method declined,33,0.746,0,80501.54,0.5582,0.3393,8,0
CUST-00202,TX-100201,14668.63,NET_BANKING,FAILED,Temporary payment authorization failure,2,0.7242,0,19762.63,0.7892,0.3221,45,1
CUST-00203,TX-100202,10517.24,NET_BANKING,FAILED,Insufficient funds,58,0.5804,7,218056.97,0.2251,0.5053,48,0
CUST-00204,TX-100203,16713.92,DEBIT_CARD,FAILED,Network timeout,59,0.7161,1,248247.46,0.7394,0.249,84,1
CUST-00205,TX-100204,19026.4,NET_BANKING,FAILED,Expired card,26,0.7827,3,97922.73,0.8595,0.2254,87,1
CUST-00206,TX-100205,5117.77,CREDIT_CARD,FAILED,Invoice payment overdue,15,0.6589,5,192683.1,0.3225,0.4997,5,0
CUST-00207,TX-100206,2971.97,NET_BANKING,FAILED,Temporary payment authorization failure,57,0.9412,3,64959.87,0.3628,0.2604,77,0
CUST-00208,TX-100207,18982.45,DEBIT_CARD,FAILED,Temporary payment authorization failure,3,0.727,3,229517.27,0.6264,0.3759,65,1
CUST-00209,TX-100208,21968.33,WALLET,FAILED,Invoice payment overdue,37,0.6903,5,141395.94,0.3872,0.4231,29,1
CUST-00210,TX-100209,10966.41,CREDIT_CARD,FAILED,Payment method declined,38,0.9371,2,197522.13,0.6945,0.1782,45,0
CUST-00211,TX-100210,9723.27,NET_BANKING,FAILED,Network timeout,21,0.8564,6,178356.32,0.3179,0.3827,31,1
CUST-00212,TX-100211,24210.76,WALLET,FAILED,Network timeout,52,0.7537,0,85914.43,0.6443,0.2733,18,1
CUST-00213,TX-100212,18252.33,CREDIT_CARD,FAILED,Insufficient funds,6,0.9558,5,14689.15,0.273,0.3688,35,0
CUST-00214,TX-100213,5617.78,UPI,FAILED,Expired card,5,0.6328,8,186661.42,0.3714,0.5136,2,0
CUST-00215,TX-100214,17542.84,DEBIT_CARD,FAILED,Invoice payment overdue,48,0.9898,7,195000.9,0.9224,0.0528,51,1
CUST-00216,TX-100215,9311.29,NET_BANKING,FAILED,Payment method declined,25,0.7552,5,191599.1,0.4437,0.3877,13,0
CUST-00217,TX-100216,1620.03,DEBIT_CARD,FAILED,Insufficient funds,21,0.9523,5,146890.02,0.4472,0.2847,3,0
CUST-00218,TX-100217,9806.07,NET_BANKING,FAILED,Insufficient funds,27,0.6799,3,68045.06,0.4606,0.4198,71,0
CUST-00219,TX-100218,18452.92,DEBIT_CARD,FAILED,Expired card,53,0.765,7,229640.35,0.5641,0.2935,18,0
CUST-00220,TX-100219,21057.18,CREDIT_CARD,FAILED,Temporary payment authorization failure,35,0.9857,0,61701.18,0.6139,0.1847,1,0
CUST-00221,TX-100220,9643.42,WALLET,FAILED,Network timeout,46,0.6165,3,135392.06,0.5995,0.3744,62,1
CUST-00222,TX-100221,13625.58,CREDIT_CARD,FAILED,Expired card,27,0.5552,8,202511.09,0.7705,0.38,65,0
CUST-00223,TX-100222,6403.74,WALLET,FAILED,Network timeout,59,0.6289,1,102239.62,0.6143,0.3408,33,1
CUST-00224,TX-100223,24760.71,UPI,FAILED,Insufficient funds,24,0.9721,7,247960.3,0.6464,0.1991,88,1
CUST-00225,TX-100224,9740.65,CREDIT_CARD,FAILED,Payment method declined,42,0.8842,1,127465.31,0.5202,0.2616,82,1
CUST-00226,TX-100225,21520.03,WALLET,FAILED,Temporary payment authorization failure,28,0.8338,5,174610.49,0.647,0.2683,6,0
CUST-00227,TX-100226,17268.5,WALLET,FAILED,Expired card,37,0.7592,0,213354.76,0.9301,0.1952,73,1
CUST-00228,TX-100227,17961.43,CREDIT_CARD,FAILED,Payment method declined,2,0.973,2,209489.39,0.7943,0.1835,39,1
CUST-00229,TX-100228,19012.43,CREDIT_CARD,FAILED,Insufficient funds,25,0.8479,8,28933.02,0.4621,0.3303,65,1
CUST-00230,TX-100229,15539.7,NET_BANKING,FAILED,Network timeout,15,0.919,5,248183.54,0.6781,0.2322,42,1
CUST-00231,TX-100230,11080.27,WALLET,FAILED,Invoice payment overdue,32,0.6504,8,77367.97,0.9435,0.2587,85,0
CUST-00232,TX-100231,9810.0,DEBIT_CARD,FAILED,Invoice payment overdue,16,0.8638,1,6272.83,0.4117,0.3541,50,1
CUST-00233,TX-100232,2638.78,NET_BANKING,FAILED,Payment method declined,20,0.7457,4,11434.17,0.2808,0.4583,72,0
CUST-00234,TX-100233,802.35,NET_BANKING,FAILED,Payment method declined,23,0.7939,5,248218.9,0.8823,0.2162,11,0
CUST-00235,TX-100234,4652.79,UPI,FAILED,Expired card,16,0.8017,2,111495.69,0.7414,0.2729,35,1
CUST-00236,TX-100235,23633.45,NET_BANKING,FAILED,Invoice payment overdue,27,0.6819,1,38194.93,0.4853,0.4101,77,0
CUST-00237,TX-100236,9807.3,NET_BANKING,FAILED,Expired card,1,0.9675,5,164504.03,0.8649,0.1635,43,0
CUST-00238,TX-100237,17534.66,UPI,FAILED,Payment method declined,39,0.6099,5,76404.8,0.6765,0.3628,23,0
CUST-00239,TX-100238,7367.35,UPI,FAILED,Payment method declined,45,0.8285,3,249329.91,0.4575,0.3092,15,1
CUST-00240,TX-100239,18316.73,DEBIT_CARD,FAILED,Invoice payment overdue,12,0.85,8,21943.87,0.2213,0.435,57,0
CUST-00241,TX-100240,3909.89,DEBIT_CARD,FAILED,Expired card,55,0.9001,6,198323.81,0.7317,0.1572,33,0
CUST-00242,TX-100241,13592.0,NET_BANKING,FAILED,Invoice payment overdue,5,0.7476,7,176900.4,0.66,0.3495,70,0
CUST-00243,TX-100242,6581.66,UPI,FAILED,Invoice payment overdue,52,0.7862,1,245984.01,0.2864,0.3807,22,1
CUST-00244,TX-100243,11046.16,CREDIT_CARD,FAILED,Temporary payment authorization failure,44,0.8346,5,141708.39,0.9629,0.1306,34,0
CUST-00245,TX-100244,11845.05,WALLET,FAILED,Invoice payment overdue,45,0.8031,7,11017.85,0.4956,0.3098,89,1
CUST-00246,TX-100245,23546.57,UPI,FAILED,Insufficient funds,7,0.68,1,132673.13,0.2917,0.5122,40,0
CUST-00247,TX-100246,11584.96,UPI,FAILED,Temporary payment authorization failure,23,0.7595,7,213049.1,0.7704,0.2743,6,1
CUST-00248,TX-100247,18641.99,DEBIT_CARD,FAILED,Network timeout,42,0.5981,2,239823.34,0.9346,0.2739,71,0
CUST-00249,TX-100248,16604.04,CREDIT_CARD,FAILED,Payment method declined,15,0.901,2,110240.45,0.3472,0.3579,79,1
CUST-00250,TX-100249,17742.11,WALLET,FAILED,Temporary payment authorization failure,1,0.8601,3,94619.29,0.4199,0.3783,14,0
CUST-00251,TX-100250,12492.36,UPI,FAILED,Invoice payment overdue,13,0.7513,4,32986.86,0.7299,0.3097,77,0
CUST-00252,TX-100251,17796.71,WALLET,FAILED,Expired card,23,0.922,2,33876.1,0.8429,0.1596,76,1
CUST-00253,TX-100252,13015.21,WALLET,FAILED,Payment method declined,20,0.6015,5,124234.2,0.7478,0.3741,18,0
CUST-00254,TX-100253,12496.23,DEBIT_CARD,FAILED,Insufficient funds,35,0.8551,2,217052.95,0.6384,0.2479,41,0
CUST-00255,TX-100254,24113.81,NET_BANKING,FAILED,Network timeout,1,0.7632,3,210773.49,0.844,0.2832,53,1
CUST-00256,TX-100255,5902.97,UPI,FAILED,Temporary payment authorization failure,32,0.6236,0,117043.74,0.8287,0.3136,29,1
CUST-00257,TX-100256,3273.67,UPI,FAILED,Temporary payment authorization failure,48,0.8899,7,206539.68,0.6343,0.2086,70,1
CUST-00258,TX-100257,24749.51,DEBIT_CARD,FAILED,Temporary payment authorization failure,3,0.8844,7,69389.73,0.6316,0.2875,39,1
CUST-00259,TX-100258,3375.96,DEBIT_CARD,FAILED,Insufficient funds,56,0.9094,7,154514.14,0.8836,0.0972,76,0
CUST-00260,TX-100259,20431.48,WALLET,FAILED,Temporary payment authorization failure,28,0.623,2,46252.45,0.82,0.3237,45,0
CUST-00261,TX-100260,13103.17,CREDIT_CARD,FAILED,Invoice payment overdue,46,0.6788,4,230098.33,0.9524,0.2167,18,0
CUST-00262,TX-100261,3750.93,UPI,FAILED,Insufficient funds,18,0.9315,2,124917.39,0.7541,0.1937,32,0
CUST-00263,TX-100262,2350.15,NET_BANKING,FAILED,Temporary payment authorization failure,37,0.8283,6,219942.75,0.4964,0.309,66,0
CUST-00264,TX-100263,21788.24,CREDIT_CARD,FAILED,Invoice payment overdue,30,0.9681,5,213276.03,0.6597,0.1866,59,0
CUST-00265,TX-100264,20708.77,UPI,FAILED,Payment method declined,51,0.7851,3,146593.74,0.9648,0.1455,42,1
CUST-00266,TX-100265,19175.22,CREDIT_CARD,FAILED,Temporary payment authorization failure,37,0.9251,5,35438.11,0.9064,0.1123,81,1
CUST-00267,TX-100266,23971.78,DEBIT_CARD,FAILED,Insufficient funds,55,0.6195,7,219765.78,0.2005,0.4974,84,0
CUST-00268,TX-100267,16780.47,DEBIT_CARD,FAILED,Invoice payment overdue,6,0.838,4,176363.14,0.2651,0.4363,7,0
CUST-00269,TX-100268,526.61,CREDIT_CARD,FAILED,Payment method declined,15,0.7389,1,114041.38,0.7559,0.304,17,0
CUST-00270,TX-100269,10846.69,NET_BANKING,FAILED,Insufficient funds,1,0.8561,1,202459.42,0.9806,0.1843,10,1
CUST-00271,TX-100270,19449.78,DEBIT_CARD,FAILED,Insufficient funds,7,0.6879,4,164254.95,0.3083,0.5021,9,1
CUST-00272,TX-100271,4208.67,WALLET,FAILED,Payment method declined,29,0.7045,3,224665.27,0.6962,0.3205,88,1
CUST-00273,TX-100272,11020.02,DEBIT_CARD,FAILED,Insufficient funds,9,0.8811,6,152244.77,0.4777,0.3332,36,1
CUST-00274,TX-100273,16630.93,DEBIT_CARD,FAILED,Expired card,47,0.8173,0,100979.0,0.8698,0.1677,67,1
CUST-00275,TX-100274,3262.22,WALLET,FAILED,Payment method declined,42,0.574,3,246786.22,0.591,0.4075,10,0
CUST-00276,TX-100275,14425.32,WALLET,FAILED,Expired card,60,0.6892,6,246904.73,0.88,0.2129,88,0
CUST-00277,TX-100276,5785.7,NET_BANKING,FAILED,Temporary payment authorization failure,5,0.5573,1,192941.95,0.2109,0.6113,65,0
CUST-00278,TX-100277,13672.56,UPI,FAILED,Insufficient funds,28,0.8588,1,54783.39,0.706,0.2339,11,0
CUST-00279,TX-100278,16040.21,CREDIT_CARD,FAILED,Invoice payment overdue,52,0.6184,5,212384.69,0.5087,0.3952,40,0
CUST-00280,TX-100279,15501.27,UPI,FAILED,Temporary payment authorization failure,4,0.6576,6,34263.54,0.2916,0.5296,86,0
CUST-00281,TX-100280,23848.9,WALLET,FAILED,Network timeout,46,0.6104,0,196375.38,0.3294,0.4723,34,1
CUST-00282,TX-100281,1219.23,UPI,FAILED,Payment method declined,18,0.8725,1,146279.66,0.8094,0.2068,68,0
CUST-00283,TX-100282,12740.45,DEBIT_CARD,FAILED,Network timeout,5,0.7683,8,224095.76,0.4845,0.3995,48,0
CUST-00284,TX-100283,562.93,DEBIT_CARD,FAILED,Temporary payment authorization failure,44,0.868,3,41770.74,0.7852,0.1744,6,1
CUST-00285,TX-100284,22891.72,NET_BANKING,FAILED,Invoice payment overdue,60,0.9726,0,181470.54,0.6368,0.1422,29,1
CUST-00286,TX-100285,16996.48,DEBIT_CARD,FAILED,Temporary payment authorization failure,18,0.9134,5,238749.45,0.2943,0.3646,29,0
CUST-00287,TX-100286,8112.1,WALLET,FAILED,Temporary payment authorization failure,5,0.9359,4,143132.65,0.8111,0.193,59,1
CUST-00288,TX-100287,14996.43,DEBIT_CARD,FAILED,Payment method declined,20,0.8754,3,6562.58,0.5665,0.2869,70,1
CUST-00289,TX-100288,21069.56,UPI,FAILED,Temporary payment authorization failure,27,0.5605,8,185830.25,0.4737,0.4809,1,0
CUST-00290,TX-100289,10785.49,DEBIT_CARD,FAILED,Temporary payment authorization failure,20,0.5957,8,224835.43,0.9767,0.2972,36,0
CUST-00291,TX-100290,18823.54,CREDIT_CARD,FAILED,Network timeout,34,0.7317,5,23333.47,0.5622,0.3441,65,0
CUST-00292,TX-100291,6894.28,NET_BANKING,FAILED,Expired card,37,0.5774,2,115925.67,0.387,0.4853,90,1
CUST-00293,TX-100292,19368.59,DEBIT_CARD,FAILED,Temporary payment authorization failure,15,0.5829,3,104595.58,0.3075,0.5468,14,0
CUST-00294,TX-100293,11851.99,CREDIT_CARD,FAILED,Temporary payment authorization failure,35,0.7076,3,177652.68,0.557,0.3575,21,1
CUST-00295,TX-100294,17923.36,NET_BANKING,FAILED,Expired card,39,0.5677,5,205921.96,0.3172,0.5117,66,0
CUST-00296,TX-100295,14120.87,DEBIT_CARD,FAILED,Network timeout,12,0.5637,6,39249.29,0.8751,0.3637,13,0
CUST-00297,TX-100296,20680.0,CREDIT_CARD,FAILED,Expired card,1,0.5771,3,23371.86,0.3033,0.5748,75,0
CUST-00298,TX-100297,2753.48,CREDIT_CARD,FAILED,Expired card,5,0.637,7,231412.27,0.8393,0.3476,6,1
CUST-00299,TX-100298,9876.87,DEBIT_CARD,FAILED,Payment method declined,28,0.9115,6,73564.37,0.5919,0.2448,46,1
CUST-00300,TX-100299,12722.84,NET_BANKING,FAILED,Network timeout,57,0.6154,3,107712.53,0.7113,0.3176,8,1
CUST-00301,TX-100300,24855.14,CREDIT_CARD,FAILED,Network timeout,42,0.9392,8,138406.86,0.3968,0.2746,49,1
CUST-00302,TX-100301,7125.67,UPI,FAILED,Temporary payment authorization failure,32,0.7014,8,195741.88,0.4541,0.402,77,0
CUST-00303,TX-100302,19287.63,DEBIT_CARD,FAILED,Insufficient funds,4,0.9058,7,135753.94,0.6183,0.2787,13,1
CUST-00304,TX-100303,23721.16,NET_BANKING,FAILED,Network timeout,51,0.9536,0,47559.45,0.8036,0.1093,46,0
CUST-00305,TX-100304,1191.06,UPI,FAILED,Invoice payment overdue,16,0.8107,5,51117.25,0.922,0.2047,73,0
CUST-00306,TX-100305,4801.14,CREDIT_CARD,FAILED,Temporary payment authorization failure,52,0.9379,7,133979.89,0.6283,0.1776,8,1
CUST-00307,TX-100306,8848.6,UPI,FAILED,Insufficient funds,1,0.696,3,229719.92,0.8371,0.3225,8,0
CUST-00308,TX-100307,24033.69,NET_BANKING,FAILED,Expired card,50,0.5988,8,38430.66,0.8799,0.2794,76,1
CUST-00309,TX-100308,24036.22,UPI,FAILED,Invoice payment overdue,11,0.8722,6,222952.05,0.8256,0.213,23,0
CUST-00310,TX-100309,20454.13,UPI,FAILED,Payment method declined,40,0.8963,3,5440.49,0.7258,0.1863,89,1
CUST-00311,TX-100310,19385.34,CREDIT_CARD,FAILED,Network timeout,45,0.9674,6,242045.26,0.8721,0.0877,24,0
CUST-00312,TX-100311,3945.76,CREDIT_CARD,FAILED,Invoice payment overdue,15,0.8314,1,160865.76,0.94,0.1887,31,1
CUST-00313,TX-100312,6997.7,CREDIT_CARD,FAILED,Insufficient funds,6,0.9115,5,5313.88,0.5528,0.2952,45,1
CUST-00314,TX-100313,22171.52,NET_BANKING,FAILED,Payment method declined,25,0.7428,6,122474.87,0.9656,0.2118,45,1
CUST-00315,TX-100314,2305.88,UPI,FAILED,Temporary payment authorization failure,56,0.8043,3,23179.1,0.3285,0.3493,3,0
CUST-00316,TX-100315,13902.63,UPI,FAILED,Temporary payment authorization failure,11,0.9407,2,177603.64,0.7783,0.1919,77,0
CUST-00317,TX-100316,11137.91,CREDIT_CARD,FAILED,Temporary payment authorization failure,28,0.9647,2,175813.19,0.6798,0.1848,43,1
CUST-00318,TX-100317,7397.32,CREDIT_CARD,FAILED,Insufficient funds,47,0.9573,8,125282.33,0.4096,0.2518,7,0
CUST-00319,TX-100318,20685.48,WALLET,FAILED,Invoice payment overdue,4,0.7088,6,46853.89,0.2692,0.5093,62,1
CUST-00320,TX-100319,8054.66,NET_BANKING,FAILED,Payment method declined,19,0.9799,7,162257.26,0.8666,0.1261,63,1
CUST-00321,TX-100320,11421.49,NET_BANKING,FAILED,Expired card,25,0.6313,6,143240.41,0.4918,0.439,60,0
CUST-00322,TX-100321,8922.89,NET_BANKING,FAILED,Network timeout,10,0.881,1,99840.99,0.2677,0.4051,76,1
CUST-00323,TX-100322,23440.86,DEBIT_CARD,FAILED,Network timeout,34,0.7342,8,214215.26,0.7428,0.2795,61,1
CUST-00324,TX-100323,17099.6,DEBIT_CARD,FAILED,Network timeout,3,0.7709,8,237520.06,0.8324,0.2797,16,1
CUST-00325,TX-100324,10872.69,NET_BANKING,FAILED,Invoice payment overdue,11,0.9778,3,209356.49,0.2997,0.339,26,0
CUST-00326,TX-100325,14130.92,UPI,FAILED,Network timeout,17,0.6907,1,8029.13,0.2688,0.4977,36,0
CUST-00327,TX-100326,3256.71,DEBIT_CARD,FAILED,Insufficient funds,45,0.8241,8,235214.25,0.8175,0.1856,73,0
CUST-00328,TX-100327,21753.14,NET_BANKING,FAILED,Expired card,60,0.5965,1,154195.73,0.8207,0.2847,34,0
CUST-00329,TX-100328,15412.05,NET_BANKING,FAILED,Invoice payment overdue,3,0.6258,6,174175.87,0.3136,0.5411,5,0
CUST-00330,TX-100329,995.71,UPI,FAILED,Expired card,4,0.8781,4,172788.75,0.9087,0.1923,36,0
CUST-00331,TX-100330,11356.21,UPI,FAILED,Expired card,56,0.6503,4,113220.57,0.9696,0.2096,54,1
CUST-00332,TX-100331,21746.13,WALLET,FAILED,Temporary payment authorization failure,59,0.9125,7,103829.36,0.8,0.1198,21,0
CUST-00333,TX-100332,21941.92,CREDIT_CARD,FAILED,Insufficient funds,50,0.9246,0,93291.9,0.3373,0.2901,32,1
CUST-00334,TX-100333,16067.54,CREDIT_CARD,FAILED,Temporary payment authorization failure,13,0.6706,7,48508.01,0.599,0.3999,31,0
CUST-00335,TX-100334,4506.08,CREDIT_CARD,FAILED,Expired card,56,0.7588,8,214186.23,0.4763,0.3226,37,1
CUST-00336,TX-100335,17103.53,NET_BANKING,FAILED,Expired card,50,0.9746,3,193055.32,0.7114,0.1316,66,0
CUST-00337,TX-100336,15227.98,DEBIT_CARD,FAILED,Temporary payment authorization failure,1,0.7586,2,179621.42,0.7114,0.3321,33,0
CUST-00338,TX-100337,21363.86,UPI,FAILED,Payment method declined,46,0.8328,6,206956.15,0.9074,0.1477,28,0
CUST-00339,TX-100338,16727.71,WALLET,FAILED,Expired card,26,0.8072,0,172681.22,0.6041,0.3013,83,1
CUST-00340,TX-100339,21606.54,UPI,FAILED,Expired card,31,0.5781,4,225423.33,0.7061,0.3832,25,0
CUST-00341,TX-100340,17178.52,CREDIT_CARD,FAILED,Invoice payment overdue,52,0.9272,6,227193.33,0.7218,0.1507,84,1
CUST-00342,TX-100341,24871.47,UPI,FAILED,Insufficient funds,26,0.7208,0,121555.12,0.6606,0.329,29,0
CUST-00343,TX-100342,21095.65,DEBIT_CARD,FAILED,Network timeout,43,0.7077,4,68369.7,0.8679,0.2353,38,1
CUST-00344,TX-100343,22539.98,CREDIT_CARD,FAILED,Invoice payment overdue,52,0.796,2,80235.89,0.9481,0.1437,29,0
CUST-00345,TX-100344,7704.25,NET_BANKING,FAILED,Temporary payment authorization failure,51,0.9402,5,236353.74,0.4058,0.2559,7,1
CUST-00346,TX-100345,21753.69,WALLET,FAILED,Payment method declined,5,0.7578,3,41940.72,0.5954,0.3665,39,0
CUST-00347,TX-100346,21628.65,CREDIT_CARD,FAILED,Insufficient funds,13,0.7008,7,81786.45,0.3131,0.4833,63,0
CUST-00348,TX-100347,19451.79,DEBIT_CARD,FAILED,Network timeout,4,0.5521,4,36704.46,0.3654,0.5618,63,0
CUST-00349,TX-100348,12196.31,CREDIT_CARD,FAILED,Temporary payment authorization failure,28,0.8287,6,8448.89,0.5389,0.3089,69,1
CUST-00350,TX-100349,17080.33,DEBIT_CARD,FAILED,Invoice payment overdue,21,0.883,8,36588.05,0.3506,0.3566,29,1
CUST-00351,TX-100350,20684.17,UPI,FAILED,Expired card,25,0.7715,4,87769.61,0.3319,0.4178,59,0
CUST-00352,TX-100351,22583.9,DEBIT_CARD,FAILED,Expired card,57,0.8522,2,103830.95,0.4708,0.2715,22,0
CUST-00353,TX-100352,1036.88,DEBIT_CARD,FAILED,Network timeout,15,0.6487,2,14154.04,0.3668,0.4898,16,0
CUST-00354,TX-100353,15051.14,CREDIT_CARD,FAILED,Temporary payment authorization failure,57,0.8317,8,33368.51,0.6923,0.2053,84,1
CUST-00355,TX-100354,17695.77,CREDIT_CARD,FAILED,Insufficient funds,29,0.7173,8,132475.76,0.3997,0.4173,39,1
CUST-00356,TX-100355,22516.24,WALLET,FAILED,Network timeout,40,0.8165,2,126946.07,0.5309,0.2984,16,0
CUST-00357,TX-100356,24341.43,NET_BANKING,FAILED,Expired card,39,0.6379,4,228037.37,0.8569,0.2842,38,0
CUST-00358,TX-100357,812.36,CREDIT_CARD,FAILED,Temporary payment authorization failure,45,0.9606,5,27070.26,0.3853,0.2618,74,1
CUST-00359,TX-100358,16286.25,UPI,FAILED,Payment method declined,33,0.583,1,47801.94,0.9148,0.3042,34,1
CUST-00360,TX-100359,8161.32,CREDIT_CARD,FAILED,Invoice payment overdue,3,0.925,5,7369.72,0.8333,0.1946,13,0
CUST-00361,TX-100360,22415.93,UPI,FAILED,Network timeout,9,0.8419,2,32888.84,0.4596,0.3611,12,1
CUST-00362,TX-100361,17402.61,NET_BANKING,FAILED,Payment method declined,26,0.9734,4,37465.34,0.8602,0.1202,84,1
CUST-00363,TX-100362,22825.06,WALLET,FAILED,Payment method declined,47,0.5758,2,195895.25,0.2819,0.5063,87,0
CUST-00364,TX-100363,12459.01,NET_BANKING,FAILED,Payment method declined,40,0.5627,2,8028.25,0.5816,0.4203,6,0
CUST-00365,TX-100364,16911.19,WALLET,FAILED,Expired card,56,0.8483,3,111047.74,0.9725,0.0997,67,1
CUST-00366,TX-100365,16214.41,WALLET,FAILED,Insufficient funds,47,0.6594,5,43447.21,0.7243,0.3055,79,0
CUST-00367,TX-100366,2334.2,UPI,FAILED,Payment method declined,55,0.7565,7,129197.69,0.8868,0.1819,31,1
CUST-00368,TX-100367,2431.35,WALLET,FAILED,Payment method declined,36,0.8331,6,82435.07,0.8455,0.1859,58,0
CUST-00369,TX-100368,10602.29,WALLET,FAILED,Network timeout,32,0.8779,0,240976.96,0.2811,0.3654,1,0
CUST-00370,TX-100369,16537.6,UPI,FAILED,Payment method declined,41,0.684,8,211857.77,0.6442,0.33,47,0
CUST-00371,TX-100370,9400.72,CREDIT_CARD,FAILED,Payment method declined,22,0.7965,7,88632.49,0.7662,0.2571,13,1
CUST-00372,TX-100371,9660.31,CREDIT_CARD,FAILED,Temporary payment authorization failure,54,0.8288,4,186915.17,0.6327,0.2327,22,0
CUST-00373,TX-100372,23290.3,DEBIT_CARD,FAILED,Payment method declined,27,0.5971,3,87793.72,0.3482,0.5047,59,1
CUST-00374,TX-100373,11537.36,WALLET,FAILED,Invoice payment overdue,49,0.7324,1,134939.27,0.81,0.232,65,0
CUST-00375,TX-100374,12331.83,DEBIT_CARD,FAILED,Network timeout,4,0.7934,6,36453.54,0.8627,0.255,89,0
CUST-00376,TX-100375,9924.23,DEBIT_CARD,FAILED,Network timeout,25,0.8393,5,77072.52,0.5982,0.2873,36,1
CUST-00377,TX-100376,22217.7,UPI,FAILED,Network timeout,52,0.6087,6,185520.57,0.676,0.3419,90,1
CUST-00378,TX-100377,18002.42,UPI,FAILED,Invoice payment overdue,36,0.8283,3,243918.98,0.3657,0.3564,87,0
CUST-00379,TX-100378,19138.99,NET_BANKING,FAILED,Network timeout,12,0.7717,5,107282.09,0.7612,0.2891,75,0
CUST-00380,TX-100379,21258.88,WALLET,FAILED,Temporary payment authorization failure,48,0.9433,8,169212.27,0.4259,0.2521,14,1
CUST-00381,TX-100380,17243.06,CREDIT_CARD,FAILED,Insufficient funds,13,0.6675,2,137587.16,0.977,0.2693,89,1
CUST-00382,TX-100381,17050.39,DEBIT_CARD,FAILED,Network timeout,23,0.9082,1,197155.26,0.6867,0.2218,83,1
CUST-00383,TX-100382,9995.09,UPI,FAILED,Invoice payment overdue,52,0.8563,0,54756.37,0.9319,0.1162,71,0
CUST-00384,TX-100383,22831.42,UPI,FAILED,Invoice payment overdue,56,0.8936,7,195155.95,0.8557,0.1157,76,0
CUST-00385,TX-100384,2324.49,WALLET,FAILED,Insufficient funds,13,0.6794,2,141366.66,0.9769,0.2627,16,0
CUST-00386,TX-100385,11925.12,CREDIT_CARD,FAILED,Insufficient funds,9,0.6208,4,194546.93,0.2045,0.572,20,0
CUST-00387,TX-100386,14530.59,CREDIT_CARD,FAILED,Expired card,41,0.8209,4,132548.54,0.5875,0.2745,41,0
CUST-00388,TX-100387,10383.72,DEBIT_CARD,FAILED,Expired card,51,0.7723,6,76925.72,0.629,0.2701,28,1
CUST-00389,TX-100388,20680.37,CREDIT_CARD,FAILED,Invoice payment overdue,49,0.822,7,226601.63,0.9873,0.1207,15,1
CUST-00390,TX-100389,17222.51,NET_BANKING,FAILED,Expired card,40,0.9542,3,74293.1,0.9575,0.0734,15,1
CUST-00391,TX-100390,12964.02,CREDIT_CARD,FAILED,Payment method declined,59,0.7774,5,130904.2,0.6063,0.2619,38,1
CUST-00392,TX-100391,15859.86,DEBIT_CARD,FAILED,Insufficient funds,7,0.6237,8,136749.78,0.6212,0.4279,88,1
CUST-00393,TX-100392,23523.9,DEBIT_CARD,FAILED,Invoice payment overdue,45,0.9366,6,26442.62,0.7108,0.1611,4,1
CUST-00394,TX-100393,14586.58,UPI,FAILED,Insufficient funds,4,0.6283,4,111091.13,0.6409,0.4235,53,0
CUST-00395,TX-100394,16214.86,CREDIT_CARD,FAILED,Network timeout,2,0.7214,1,92636.53,0.6225,0.382,75,0
CUST-00396,TX-100395,7397.18,NET_BANKING,FAILED,Payment method declined,33,0.5967,4,43299.25,0.6792,0.3791,51,1
CUST-00397,TX-100396,21311.95,DEBIT_CARD,FAILED,Expired card,15,0.61,6,199779.19,0.8294,0.3492,39,0
CUST-00398,TX-100397,14099.21,CREDIT_CARD,FAILED,Temporary payment authorization failure,47,0.8351,0,139143.74,0.6373,0.2393,1,1
CUST-00399,TX-100398,22687.89,DEBIT_CARD,FAILED,Network timeout,6,0.6841,5,66921.74,0.3673,0.4852,21,0
CUST-00400,TX-100399,23343.06,NET_BANKING,FAILED,Network timeout,8,0.6298,0,21503.88,0.8726,0.3349,83,1
CUST-00401,TX-100400,9249.89,DEBIT_CARD,FAILED,Invoice payment overdue,7,0.6369,7,52407.15,0.9517,0.3049,13,1
CUST-00402,TX-100401,4233.68,UPI,FAILED,Network timeout,32,0.7483,4,81737.62,0.7478,0.2734,41,1
CUST-00403,TX-100402,9307.41,UPI,FAILED,Invoice payment overdue,51,0.6475,6,79840.59,0.4186,0.4124,62,0
CUST-00404,TX-100403,21538.48,WALLET,FAILED,Insufficient funds,36,0.5979,1,23733.28,0.865,0.3084,26,0
CUST-00405,TX-100404,20409.74,NET_BANKING,FAILED,Network timeout,5,0.9425,8,68851.0,0.699,0.2286,76,1
CUST-00406,TX-100405,4141.51,DEBIT_CARD,FAILED,Payment method declined,58,0.9894,7,118851.78,0.7166,0.1084,76,1
CUST-00407,TX-100406,16735.62,DEBIT_CARD,FAILED,Network timeout,33,0.5898,5,143757.53,0.5967,0.4118,66,1
CUST-00408,TX-100407,12345.83,CREDIT_CARD,FAILED,Expired card,37,0.8401,2,69767.49,0.7814,0.2028,29,1
CUST-00409,TX-100408,19890.78,NET_BANKING,FAILED,Payment method declined,15,0.5688,3,163888.56,0.6091,0.449,59,1
CUST-00410,TX-100409,7200.64,UPI,FAILED,Invoice payment overdue,7,0.8596,8,165150.45,0.7005,0.2704,75,1
CUST-00411,TX-100410,9720.06,WALLET,FAILED,Insufficient funds,24,0.8086,1,124281.08,0.6082,0.3024,52,0
CUST-00412,TX-100411,3904.72,DEBIT_CARD,FAILED,Insufficient funds,31,0.9404,0,41808.9,0.5965,0.2223,10,1
CUST-00413,TX-100412,10658.04,CREDIT_CARD,FAILED,Expired card,11,0.7094,1,149743.77,0.7223,0.3387,62,0
CUST-00414,TX-100413,3633.19,DEBIT_CARD,FAILED,Network timeout,42,0.9167,0,145205.98,0.3925,0.2884,18,1
CUST-00415,TX-100414,10433.68,CREDIT_CARD,FAILED,Network timeout,4,0.6232,2,58065.39,0.6081,0.4377,85,0
CUST-00416,TX-100415,20843.91,DEBIT_CARD,FAILED,Network timeout,39,0.9868,7,166613.94,0.3347,0.2751,75,1
CUST-00417,TX-100416,15115.07,DEBIT_CARD,FAILED,Temporary payment authorization failure,17,0.6238,5,54575.39,0.9287,0.3035,49,1
CUST-00418,TX-100417,15335.02,NET_BANKING,FAILED,Insufficient funds,56,0.9501,6,135200.34,0.8529,0.0856,79,0
CUST-00419,TX-100418,22598.63,CREDIT_CARD,FAILED,Network timeout,49,0.6017,7,95742.48,0.7209,0.3351,87,0
CUST-00420,TX-100419,20156.35,UPI,FAILED,Payment method declined,3,0.857,6,210111.68,0.3813,0.3902,76,0
CUST-00421,TX-100420,19263.54,UPI,FAILED,Temporary payment authorization failure,37,0.593,2,51310.15,0.4011,0.4718,77,1
CUST-00422,TX-100421,3386.8,NET_BANKING,FAILED,Temporary payment authorization failure,46,0.8772,0,105167.04,0.6566,0.2111,84,0
CUST-00423,TX-100422,13634.57,UPI,FAILED,Network timeout,7,0.6181,4,189968.12,0.4064,0.5061,79,0
CUST-00424,TX-100423,9570.22,NET_BANKING,FAILED,Network timeout,27,0.7929,8,194677.65,0.5811,0.3155,33,0
CUST-00425,TX-100424,11441.57,DEBIT_CARD,FAILED,Invoice payment overdue,26,0.8737,1,87917.27,0.7908,0.1994,13,1
CUST-00426,TX-100425,24131.97,CREDIT_CARD,FAILED,Temporary payment authorization failure,36,0.8202,0,26594.47,0.327,0.3744,19,0
CUST-00427,TX-100426,18250.12,WALLET,FAILED,Payment method declined,17,0.6476,1,151380.78,0.6811,0.3771,84,0
CUST-00428,TX-100427,5441.83,WALLET,FAILED,Invoice payment overdue,50,0.9109,7,130084.22,0.5468,0.2243,37,0
CUST-00429,TX-100428,9313.63,CREDIT_CARD,FAILED,Invoice payment overdue,45,0.6519,2,102861.25,0.7325,0.3101,21,1
CUST-00430,TX-100429,18554.68,CREDIT_CARD,FAILED,Temporary payment authorization failure,43,0.7239,3,229177.2,0.609,0.317,71,0
CUST-00431,TX-100430,24094.9,NET_BANKING,FAILED,Payment method declined,23,0.7029,4,129028.33,0.3788,0.4425,74,1
CUST-00432,TX-100431,3366.72,UPI,FAILED,Network timeout,36,0.5818,4,175077.01,0.4686,0.456,69,0
CUST-00433,TX-100432,24050.35,NET_BANKING,FAILED,Payment method declined,25,0.7978,3,68165.84,0.7984,0.2401,76,1
CUST-00434,TX-100433,6133.29,NET_BANKING,FAILED,Expired card,25,0.8288,3,208883.38,0.7348,0.2453,46,1
CUST-00435,TX-100434,20616.33,WALLET,FAILED,Temporary payment authorization failure,16,0.6764,6,224107.48,0.7322,0.345,23,1
CUST-00436,TX-100435,5391.83,DEBIT_CARD,FAILED,Invoice payment overdue,18,0.6304,3,66175.38,0.5942,0.4153,34,1
CUST-00437,TX-100436,2422.95,NET_BANKING,FAILED,Invoice payment overdue,40,0.7067,1,239708.31,0.2947,0.4415,79,0
CUST-00438,TX-100437,24641.35,UPI,FAILED,Network timeout,55,0.7622,5,130227.74,0.5889,0.283,63,0
CUST-00439,TX-100438,20082.11,WALLET,FAILED,Payment method declined,26,0.6477,2,173152.97,0.2428,0.5155,5,0
CUST-00440,TX-100439,11771.73,CREDIT_CARD,FAILED,Invoice payment overdue,12,0.7512,1,29683.22,0.7516,0.3038,2,1
CUST-00441,TX-100440,6939.8,NET_BANKING,FAILED,Expired card,24,0.8196,4,108866.01,0.3479,0.3875,79,1
CUST-00442,TX-100441,10314.52,DEBIT_CARD,FAILED,Payment method declined,27,0.8583,5,60998.85,0.4884,0.312,74,0
CUST-00443,TX-100442,21479.56,DEBIT_CARD,FAILED,Insufficient funds,7,0.8672,3,108272.56,0.6387,0.2878,20,1
CUST-00444,TX-100443,8235.32,UPI,FAILED,Payment method declined,9,0.988,8,102608.47,0.6218,0.224,33,0
CUST-00445,TX-100444,12175.22,CREDIT_CARD,FAILED,Invoice payment overdue,45,0.6219,3,93275.11,0.8429,0.2879,58,1
CUST-00446,TX-100445,10588.14,WALLET,FAILED,Expired card,36,0.96,4,136917.37,0.4719,0.2468,26,0
CUST-00447,TX-100446,12443.6,NET_BANKING,FAILED,Invoice payment overdue,50,0.6752,5,159769.49,0.7318,0.2892,11,1
CUST-00448,TX-100447,15501.6,CREDIT_CARD,FAILED,Payment method declined,10,0.932,5,82635.17,0.5332,0.2841,11,1
CUST-00449,TX-100448,11400.01,WALLET,FAILED,Expired card,19,0.8626,6,50052.12,0.4143,0.3489,67,1
CUST-00450,TX-100449,23540.71,CREDIT_CARD,FAILED,Invoice payment overdue,2,0.605,3,20629.14,0.723,0.4109,27,1
CUST-00451,TX-100450,10226.81,CREDIT_CARD,FAILED,Temporary payment authorization failure,57,0.7582,0,233239.45,0.2208,0.4107,34,1
CUST-00452,TX-100451,11357.43,DEBIT_CARD,FAILED,Insufficient funds,25,0.6861,3,167569.54,0.7827,0.307,68,1
CUST-00453,TX-100452,21837.01,WALLET,FAILED,Expired card,56,0.9527,7,137125.45,0.5691,0.1835,57,0
CUST-00454,TX-100453,16168.44,UPI,FAILED,Expired card,38,0.8129,6,113255.77,0.6135,0.2748,62,0
CUST-00455,TX-100454,502.26,UPI,FAILED,Insufficient funds,24,0.7314,2,230911.66,0.4398,0.4038,37,1
CUST-00456,TX-100455,20050.14,DEBIT_CARD,FAILED,Network timeout,49,0.7599,0,221129.71,0.805,0.2186,1,1
CUST-00457,TX-100456,16326.77,DEBIT_CARD,FAILED,Payment method declined,28,0.7237,2,131569.47,0.7648,0.2876,34,0
CUST-00458,TX-100457,18701.71,NET_BANKING,FAILED,Expired card,52,0.9504,4,75950.85,0.4249,0.2419,25,1
CUST-00459,TX-100458,15757.47,UPI,FAILED,Insufficient funds,41,0.7504,7,10422.07,0.415,0.3737,3,0
CUST-00460,TX-100459,18314.12,CREDIT_CARD,FAILED,Insufficient funds,7,0.6741,2,107959.54,0.765,0.3498,20,1
CUST-00461,TX-100460,19889.91,CREDIT_CARD,FAILED,Expired card,51,0.9018,5,22489.25,0.5663,0.2208,19,0
CUST-00462,TX-100461,20792.18,DEBIT_CARD,FAILED,Temporary payment authorization failure,31,0.6299,4,185716.66,0.8456,0.3059,50,1
CUST-00463,TX-100462,24561.84,NET_BANKING,FAILED,Payment method declined,3,0.6376,1,43859.8,0.6117,0.4302,88,0
CUST-00464,TX-100463,6706.16,UPI,FAILED,Invoice payment overdue,47,0.5686,8,168340.22,0.6115,0.3949,26,1
CUST-00465,TX-100464,4600.33,WALLET,FAILED,Expired card,8,0.6538,6,242364.56,0.4564,0.4673,16,1
CUST-00466,TX-100465,4297.3,DEBIT_CARD,FAILED,Temporary payment authorization failure,38,0.8947,7,87913.41,0.7438,0.1843,21,0
CUST-00467,TX-100466,4271.0,CREDIT_CARD,FAILED,Network timeout,49,0.8251,0,141795.86,0.4809,0.2962,17,1
CUST-00468,TX-100467,1023.14,UPI,FAILED,Payment method declined,42,0.8829,7,178123.36,0.7792,0.1717,18,1
CUST-00469,TX-100468,5072.35,UPI,FAILED,Expired card,36,0.6797,7,229046.13,0.3499,0.4437,60,0
CUST-00470,TX-100469,7743.98,WALLET,FAILED,Expired card,36,0.6206,8,128959.64,0.3225,0.4858,47,0
CUST-00471,TX-100470,9419.84,DEBIT_CARD,FAILED,Network timeout,47,0.6316,0,137044.35,0.6896,0.3329,42,0
CUST-00472,TX-100471,4276.22,UPI,FAILED,Expired card,25,0.6335,7,133184.13,0.8049,0.3282,53,1
CUST-00473,TX-100472,1266.21,NET_BANKING,FAILED,Temporary payment authorization failure,5,0.5693,2,209893.38,0.3411,0.5592,25,0
CUST-00474,TX-100473,5907.71,CREDIT_CARD,FAILED,Invoice payment overdue,43,0.7656,4,125394.35,0.2388,0.4237,2,1
CUST-00475,TX-100474,1987.15,NET_BANKING,FAILED,Network timeout,57,0.9161,7,156148.66,0.8328,0.1097,48,1
CUST-00476,TX-100475,2409.42,WALLET,FAILED,Insufficient funds,34,0.5679,1,99406.12,0.8592,0.3303,13,1
CUST-00477,TX-100476,23713.83,WALLET,FAILED,Network timeout,13,0.7815,3,146258.1,0.6503,0.3209,54,0
CUST-00478,TX-100477,4586.83,WALLET,FAILED,Insufficient funds,44,0.7518,6,135805.62,0.8974,0.1991,52,0
CUST-00479,TX-100478,13976.99,UPI,FAILED,Expired card,39,0.7449,5,182837.58,0.913,0.2058,53,1
CUST-00480,TX-100479,19259.85,UPI,FAILED,Invoice payment overdue,39,0.6559,8,102287.19,0.369,0.4451,47,0
CUST-00481,TX-100480,13181.43,CREDIT_CARD,FAILED,Expired card,47,0.5653,4,82151.65,0.6707,0.376,39,1
CUST-00482,TX-100481,13026.15,WALLET,FAILED,Network timeout,50,0.9117,4,43246.24,0.9261,0.0911,20,1
CUST-00483,TX-100482,20371.32,WALLET,FAILED,Temporary payment authorization failure,17,0.7115,3,23914.38,0.3841,0.4459,52,1
CUST-00484,TX-100483,22526.09,WALLET,FAILED,Invoice payment overdue,21,0.8989,2,184043.39,0.5857,0.2656,13,1
CUST-00485,TX-100484,8692.55,NET_BANKING,FAILED,Payment method declined,37,0.7179,0,164930.9,0.9283,0.2186,16,1
CUST-00486,TX-100485,13347.39,WALLET,FAILED,Expired card,39,0.9586,6,59095.31,0.2428,0.3228,73,0
CUST-00487,TX-100486,18944.58,WALLET,FAILED,Network timeout,4,0.8464,6,101608.99,0.9671,0.1893,12,1
CUST-00488,TX-100487,1708.12,UPI,FAILED,Payment method declined,9,0.6979,7,175978.28,0.6514,0.3732,11,0
CUST-00489,TX-100488,10185.31,DEBIT_CARD,FAILED,Network timeout,49,0.6093,8,65330.23,0.3565,0.4584,72,0
CUST-00490,TX-100489,23141.38,CREDIT_CARD,FAILED,Temporary payment authorization failure,5,0.6672,6,51669.99,0.4555,0.4653,86,0
CUST-00491,TX-100490,4646.75,WALLET,FAILED,Expired card,23,0.8113,0,231432.24,0.808,0.2327,57,1
CUST-00492,TX-100491,18347.93,CREDIT_CARD,FAILED,Temporary payment authorization failure,15,0.6379,5,41180.88,0.3232,0.511,7,0
CUST-00493,TX-100492,20204.88,NET_BANKING,FAILED,Expired card,54,0.9109,0,136811.34,0.4712,0.2441,61,1
CUST-00494,TX-100493,15764.53,CREDIT_CARD,FAILED,Insufficient funds,14,0.7904,4,15653.09,0.6336,0.3202,49,0
CUST-00495,TX-100494,15640.14,NET_BANKING,FAILED,Temporary payment authorization failure,11,0.5764,3,166791.34,0.8235,0.3764,84,1
CUST-00496,TX-100495,967.42,NET_BANKING,FAILED,Invoice payment overdue,43,0.9249,5,178873.76,0.8828,0.1107,30,1
CUST-00497,TX-100496,5372.44,WALLET,FAILED,Payment method declined,58,0.6888,8,79707.24,0.2695,0.4302,3,0
CUST-00498,TX-100497,17265.63,UPI,FAILED,Expired card,32,0.7231,2,72590.18,0.2145,0.4739,31,0
CUST-00499,TX-100498,20464.04,WALLET,FAILED,Temporary payment authorization failure,4,0.8253,6,101247.42,0.9034,0.2232,36,1
CUST-00500,TX-100499,17110.87,DEBIT_CARD,FAILED,Invoice payment overdue,9,0.5886,6,242781.61,0.6114,0.4473,54,1
